Plastic Surgery,
Dentists,
Dermatologists,
Endocrinology,
Gastroenterology,
Gynecology,
Hematology,
Holistic Medicine,
Homeopathy,
Hypnotherapy,
Immunology,
Laser Eye Surgery,
Massage Therapy,
Naturopathy,
Nephrology,
Neurology,
Obstetrics,
Occupational Therapy,
Oncology,
Ophthalmology,
Orthodontics,
Orthotics,
Osteopathy,
Pathology,
Pediatrics,
Periodontics,
Pharmacies,
Physical Therapy,
Podiatry,
Prosthodontics,
Psychiatry,
Psychology,
Radiology,
Reflexology,
Rheumatology,
Speech Pathology,
Sports Medicine,
Urology,